{"test_accuracy": 0.8604651093482971, "test_loss": 0.3258994519710541}