{"test_accuracy": 0.9906976819038391, "test_loss": 0.05788011848926544}